<citas>
	<cita>
		<autor>Séneca</autor>
		<texto>La vida es una obra teatral que no importa cuánto haya durado, sino lo bien que haya sido representada.</texto>
	</cita>
	<cita>
		<autor>Charles Chaplin</autor>
		<texto>Todos somos aficionados. La vida es tan corta que no da para más.</texto>
	</cita>
	<cita>
		<autor>Arthur Schnitzler</autor>
		<texto>Estar preparado es importante, saber esperar lo es aún más, pero aprovechar el momento adecuado es la clave de la vida.</texto>
	</cita>
	<cita>
		<autor>Robert Louis Stevenson</autor>
		<texto>Tanta prisa tenemos por hacer, escribir y dejar oír nuestra voz en el silencio de la eternidad, que olvidamos lo único realmente importante: ¡VIVIR!.</texto>
	</cita>
	<cita>
		<autor>George Gordon</autor>
		<texto>No hay pasión más ilusa y fanática que el odio.</texto>
	</cita>
</citas>